1|1|4/20/2023 12:00:00 AM|4/20/2023 11:59:00 PM|mnmnmn|Declined|4/17/2023 12:00:00 AM|4/17/2023 11:59:00 PM|no
2|1|4/21/2023 12:00:00 AM|4/21/2023 11:59:00 PM||Approved|4/17/2023 12:00:00 AM|4/17/2023 11:59:00 PM|
3|3|4/26/2023 12:00:00 AM|4/26/2023 11:59:00 PM||Approved|4/18/2023 12:00:00 AM|4/22/2023 11:59:00 PM|
4|2|4/26/2023 12:00:00 AM|4/28/2023 11:59:00 PM||Approved|4/17/2023 12:00:00 AM|4/21/2023 11:59:00 PM|
5|6|4/21/2023 12:00:00 AM|4/22/2023 11:59:00 PM||Declined|4/19/2023 12:00:00 AM|4/19/2023 11:59:00 PM|cant
6|2|4/21/2023 12:00:00 AM|4/27/2023 11:59:00 PM|ddddd|Approved|4/26/2023 12:00:00 AM|4/28/2023 11:59:00 PM|
7|3|4/18/2023 12:00:00 AM|4/29/2023 11:59:00 PM|dddd|Approved|4/26/2023 12:00:00 AM|4/26/2023 11:59:00 PM|
8|14|4/27/2023 12:00:00 AM|4/29/2023 11:59:00 PM|e|Pending|4/16/2023 12:00:00 AM|4/18/2023 11:59:00 PM|
9|3|4/22/2023 12:00:00 AM|4/29/2023 11:59:00 PM|1111|Declined|4/18/2023 12:00:00 AM|4/29/2023 11:59:00 PM|hhghghgggg
10|20|4/26/2023 12:00:00 AM|4/27/2023 11:59:00 PM||Pending|4/22/2023 12:00:00 AM|4/23/2023 11:59:00 PM|
11|20|4/29/2023 12:00:00 AM|4/30/2023 11:59:00 PM||Pending|4/22/2023 12:00:00 AM|4/23/2023 11:59:00 PM|
12|17|4/25/2023 12:00:00 AM|4/29/2023 11:59:00 PM||Pending|4/16/2023 12:00:00 AM|4/18/2023 11:59:00 PM|
13|19|4/25/2023 12:00:00 AM|4/29/2023 11:59:00 PM||Pending|4/26/2023 12:00:00 AM|4/26/2023 11:59:00 PM|
14|20|4/25/2023 12:00:00 AM|4/29/2023 11:59:00 PM||Pending|4/22/2023 12:00:00 AM|4/23/2023 11:59:00 PM|
15|20|6/15/2023 12:00:00 AM|7/21/2023 11:59:00 PM||Pending|4/22/2023 12:00:00 AM|4/23/2023 11:59:00 PM|
